-- phpMyAdmin SQL Dump
-- version 4.9.4
-- https://www.phpmyadmin.net/
--
-- Host: localhost:3306
-- Generation Time: Oct 01, 2020 at 11:05 PM
-- Server version: 5.6.49-cll-lve
-- PHP Version: 7.3.6

SET SQL_MODE = "NO_AUTO_VALUE_ON_ZERO";
SET AUTOCOMMIT = 0;
START TRANSACTION;
SET time_zone = "+00:00";


/*!40101 SET @OLD_CHARACTER_SET_CLIENT=@@CHARACTER_SET_CLIENT */;
/*!40101 SET @OLD_CHARACTER_SET_RESULTS=@@CHARACTER_SET_RESULTS */;
/*!40101 SET @OLD_COLLATION_CONNECTION=@@COLLATION_CONNECTION */;
/*!40101 SET NAMES utf8mb4 */;

--
-- Database: `kava_call`
--

-- --------------------------------------------------------

--
-- Table structure for table `calls`
--

CREATE TABLE `calls` (
  `id` bigint(20) NOT NULL,
  `number` text NOT NULL,
  `seconds` text NOT NULL,
  `date` date NOT NULL,
  `datetime` datetime DEFAULT NULL,
  `user` text NOT NULL
) ENGINE=MyISAM DEFAULT CHARSET=latin1;

--
-- Dumping data for table `calls`
--

INSERT INTO `calls` (`id`, `number`, `seconds`, `date`, `datetime`, `user`) VALUES
(1, '685952035', '0', '2020-09-22', '2020-09-22 14:20:33', '1'),
(2, '934996785', '0', '2020-09-22', '2020-09-22 17:30:58', '1'),
(3, '934996785', '0', '2020-09-22', '2020-09-22 17:29:59', '1'),
(4, '977501010', '168', '2020-09-22', '2020-09-22 17:26:44', '1'),
(5, '937811610', '86', '2020-09-22', '2020-09-22 17:21:28', '1'),
(6, '937811610', '170', '2020-09-22', '2020-09-22 17:18:11', '1'),
(7, '937811610', '36', '2020-09-22', '2020-09-22 17:17:28', '1'),
(8, '911109294', '99', '2020-09-22', '2020-09-22 17:14:07', '1'),
(9, '673782223', '616', '2020-09-22', '2020-09-22 18:06:02', '1'),
(10, '679885892', '10', '2020-09-22', '2020-09-22 18:50:08', '1'),
(11, '679885892', '1', '2020-09-22', '2020-09-22 18:50:45', '1'),
(12, '+34684155149', '1', '2020-09-22', '2020-09-22 19:38:34', '1'),
(13, '+34684155149', '14', '2020-09-22', '2020-09-22 19:50:52', '1'),
(14, '649793531', '2', '2020-09-22', '2020-09-22 20:04:02', '1'),
(15, '628029384', '1349', '2020-09-22', '2020-09-22 19:33:31', '2'),
(16, '610357589', '53', '2020-09-22', '2020-09-22 21:40:56', '2'),
(17, '945334914', '52', '2020-09-23', '2020-09-23 09:47:29', '2'),
(18, '676943999', '251', '2020-09-23', '2020-09-23 09:51:11', '2'),
(19, '932022471', '56', '2020-09-23', '2020-09-23 09:59:13', '2'),
(20, '914890874', '44', '2020-09-23', '2020-09-23 10:03:46', '2'),
(21, '911095200', '32', '2020-09-23', '2020-09-23 10:06:07', '2'),
(22, '911095200', '14', '2020-09-23', '2020-09-23 10:06:46', '2'),
(23, '911095200', '5', '2020-09-23', '2020-09-23 10:07:09', '2'),
(24, '911095200', '28', '2020-09-23', '2020-09-23 10:07:32', '2'),
(25, '911095200', '33', '2020-09-23', '2020-09-23 10:08:07', '2'),
(26, '911095200', '45', '2020-09-23', '2020-09-23 10:09:14', '2'),
(27, '911095200', '101', '2020-09-23', '2020-09-23 10:10:05', '2'),
(28, '663612691', '78', '2020-09-23', '2020-09-23 10:19:47', '2'),
(29, '914112894', '0', '2020-09-23', '2020-09-23 10:23:46', '2'),
(30, '985087321', '60', '2020-09-23', '2020-09-23 10:26:16', '2'),
(31, '958416045', '262', '2020-09-23', '2020-09-23 10:42:46', '2'),
(32, '958416045', '5', '2020-09-23', '2020-09-23 10:53:32', '2'),
(33, '931065531', '57', '2020-09-23', '2020-09-23 10:54:30', '2'),
(34, '689631928', '56', '2020-09-23', '2020-09-23 10:57:27', '2'),
(35, '665224269', '45', '2020-09-23', '2020-09-23 11:04:17', '2'),
(36, '627894646', '0', '2020-09-23', '2020-09-23 11:07:19', '2'),
(37, '937619500', '222', '2020-09-23', '2020-09-23 11:10:20', '2'),
(38, '937619500', '0', '2020-09-23', '2020-09-23 11:15:02', '2'),
(39, '937619500', '0', '2020-09-23', '2020-09-23 11:15:02', '2'),
(40, '937619500', '76', '2020-09-23', '2020-09-23 11:15:36', '2'),
(41, '937619500', '0', '2020-09-23', '2020-09-23 11:18:08', '2'),
(42, '937619500', '113', '2020-09-23', '2020-09-23 11:18:30', '2'),
(43, '941587676', '275', '2020-09-23', '2020-09-23 11:21:30', '2'),
(44, '679049663', '110', '2020-09-23', '2020-09-23 11:33:10', '2'),
(45, '910649763', '117', '2020-09-23', '2020-09-23 11:38:41', '2'),
(46, '951534557', '159', '2020-09-23', '2020-09-23 11:37:35', '1'),
(47, '952478508', '372', '2020-09-23', '2020-09-23 11:30:26', '1'),
(48, '627043035', '0', '2020-09-23', '2020-09-23 11:19:55', '1'),
(49, '952478508', '117', '2020-09-23', '2020-09-23 11:10:57', '1'),
(50, '934797494', '113', '2020-09-23', '2020-09-23 11:04:09', '1'),
(51, '916214377', '243', '2020-09-23', '2020-09-23 10:59:23', '1'),
(52, '923244397', '151', '2020-09-23', '2020-09-23 10:55:52', '1'),
(53, '985793651', '76', '2020-09-23', '2020-09-23 10:54:07', '1'),
(54, '607775153', '292', '2020-09-23', '2020-09-23 10:43:06', '1'),
(55, '942085508', '62', '2020-09-23', '2020-09-23 10:41:01', '1'),
(56, '687054212', '0', '2020-09-23', '2020-09-23 10:39:56', '1'),
(57, '693364077', '9', '2020-09-23', '2020-09-23 10:38:54', '1'),
(58, '943632814', '130', '2020-09-23', '2020-09-23 10:36:16', '1'),
(59, '621207154', '0', '2020-09-23', '2020-09-23 11:48:53', '1'),
(60, '951081159', '0', '2020-09-23', '2020-09-23 11:50:24', '1'),
(61, '691432522', '0', '2020-09-23', '2020-09-23 11:50:51', '1'),
(62, '933937156', '106', '2020-09-23', '2020-09-23 11:54:05', '1'),
(63, '933937156', '106', '2020-09-23', '2020-09-23 11:54:05', '1'),
(64, '902627597', '176', '2020-09-23', '2020-09-23 11:43:58', '2'),
(65, '691432522', '108', '2020-09-23', '2020-09-23 11:56:36', '1'),
(66, '914481940', '0', '2020-09-23', '2020-09-23 11:54:44', '2'),
(67, '964237234', '50', '2020-09-23', '2020-09-23 11:55:58', '2'),
(68, '912966666', '0', '2020-09-23', '2020-09-23 11:58:16', '2'),
(69, '902636424', '63', '2020-09-23', '2020-09-23 12:06:13', '1'),
(70, '933446505', '135', '2020-09-23', '2020-09-23 12:09:08', '1'),
(71, '621207154', '0', '2020-09-23', '2020-09-23 12:14:32', '1'),
(72, '912966666', '0', '2020-09-23', '2020-09-23 11:58:46', '2'),
(73, '933149228', '32', '2020-09-23', '2020-09-23 11:59:54', '2'),
(74, '933149228', '29', '2020-09-23', '2020-09-23 12:02:12', '2'),
(75, '966521853', '174', '2020-09-23', '2020-09-23 12:08:38', '2'),
(76, '981850149', '65', '2020-09-23', '2020-09-23 12:17:54', '2'),
(77, '674255183', '0', '2020-09-23', '2020-09-23 12:19:30', '2'),
(78, '955865023', '102', '2020-09-23', '2020-09-23 12:25:02', '1'),
(79, '961098677', '99', '2020-09-23', '2020-09-23 12:22:11', '2'),
(80, '648922265', '5', '2020-09-23', '2020-09-23 12:25:02', '2'),
(81, '965035326', '46', '2020-09-23', '2020-09-23 12:28:36', '1'),
(82, '961422946', '101', '2020-09-23', '2020-09-23 12:27:02', '2'),
(83, '966554088', '119', '2020-09-23', '2020-09-23 12:31:01', '1'),
(84, '961098677', '92', '2020-09-23', '2020-09-23 12:29:38', '2'),
(85, '961098677', '170', '2020-09-23', '2020-09-23 12:31:17', '2'),
(86, '677069128', '174', '2020-09-23', '2020-09-23 12:36:04', '1'),
(87, '933821888', '2', '2020-09-23', '2020-09-23 12:49:40', '2'),
(88, '900373346', '255', '2020-09-23', '2020-09-23 12:51:17', '2'),
(89, '854804071', '0', '2020-09-23', '2020-09-23 12:57:30', '2'),
(90, '966422117', '74', '2020-09-23', '2020-09-23 13:00:08', '2'),
(91, '934159125', '116', '2020-09-23', '2020-09-23 13:02:59', '2'),
(92, '937619500', '194', '2020-09-23', '2020-09-23 13:41:19', '2'),
(93, '933683350', '23', '2020-09-24', '2020-09-24 22:14:02', '1'),
(94, '938082303', '67', '2020-09-24', '2020-09-24 21:25:23', '1'),
(95, '648859440', '0', '2020-09-24', '2020-09-24 21:24:04', '1'),
(96, '+34619540743', '8', '2020-09-24', '2020-09-24 13:54:46', '1'),
(97, '+34619540743', '290', '2020-09-24', '2020-09-24 13:49:44', '1'),
(98, '932022202', '155', '2020-09-24', '2020-09-24 12:50:27', '1'),
(99, '665437386', '97', '2020-09-24', '2020-09-24 11:13:15', '1'),
(100, '690096698', '0', '2020-09-24', '2020-09-24 11:12:50', '1'),
(101, '646278376', '0', '2020-09-24', '2020-09-24 11:05:55', '1'),
(102, '607973344', '803', '2020-09-23', '2020-09-23 19:31:10', '1'),
(103, '658050444', '1259', '2020-09-23', '2020-09-23 19:07:19', '1'),
(104, '658050444', '48', '2020-09-23', '2020-09-23 18:13:09', '1'),
(105, '699051239', '51', '2020-09-25', '2020-09-25 18:47:34', '1'),
(106, '617840642', '0', '2020-09-28', '2020-09-28 08:47:20', '3'),
(107, '665437386', '138', '2020-09-28', '2020-09-28 09:55:23', '4'),
(108, '974299210', '56', '2020-09-28', '2020-09-28 10:13:28', '2'),
(109, '974299210', '51', '2020-09-28', '2020-09-28 10:14:35', '2'),
(110, '974299210', '56', '2020-09-28', '2020-09-28 10:15:39', '2'),
(111, '974299210', '118', '2020-09-28', '2020-09-28 10:16:45', '2'),
(112, '932988000', '0', '2020-09-28', '2020-09-28 10:20:37', '2'),
(113, '987037217', '29', '2020-09-28', '2020-09-28 10:21:40', '2'),
(114, '902342222', '62', '2020-09-28', '2020-09-28 10:23:17', '2'),
(115, '932988000', '89', '2020-09-28', '2020-09-28 10:26:48', '2'),
(116, '932988000', '137', '2020-09-28', '2020-09-28 10:28:32', '2'),
(117, '934261699', '12', '2020-09-28', '2020-09-28 10:32:31', '2'),
(118, '937261699', '64', '2020-09-28', '2020-09-28 10:33:24', '2'),
(119, '6406075657', '0', '2020-09-28', '2020-09-28 10:45:48', '2'),
(120, '646075657', '100', '2020-09-28', '2020-09-28 10:46:20', '2'),
(121, '968670642', '154', '2020-09-28', '2020-09-28 10:50:46', '2'),
(122, '968670642', '215', '2020-09-28', '2020-09-28 10:54:39', '2'),
(123, '961564753', '337', '2020-09-28', '2020-09-28 11:21:15', '2'),
(124, '93792141', '0', '2020-09-28', '2020-09-28 11:17:08', '3'),
(125, '937921141', '24', '2020-09-28', '2020-09-28 11:17:28', '3'),
(126, '963785694', '94', '2020-09-28', '2020-09-28 11:19:36', '3'),
(127, '971507000', '32', '2020-09-28', '2020-09-28 11:30:44', '3'),
(128, '941380537', '10', '2020-09-28', '2020-09-28 11:32:40', '3'),
(129, '680915665', '2', '2020-09-28', '2020-09-28 11:32:49', '4'),
(130, '965641172', '60', '2020-09-28', '2020-09-28 11:35:00', '3'),
(131, '972287277', '349', '2020-09-28', '2020-09-28 11:34:16', '2'),
(132, '968225475', '163', '2020-09-28', '2020-09-28 11:40:40', '3'),
(133, '93479494', '0', '2020-09-28', '2020-09-28 11:46:54', '3'),
(134, '673776640', '0', '2020-09-28', '2020-09-28 11:48:29', '2'),
(135, '934797494', '169', '2020-09-28', '2020-09-28 11:47:13', '3'),
(136, '911610116', '46', '2020-09-28', '2020-09-28 11:54:57', '3'),
(137, '675596603', '0', '2020-09-28', '2020-09-28 12:03:56', '4'),
(138, '964361616', '308', '2020-09-28', '2020-09-28 11:59:06', '3'),
(139, '933424227', '70', '2020-09-28', '2020-09-28 12:08:21', '3'),
(140, '911012425', '156', '2020-09-28', '2020-09-28 12:14:13', '3'),
(141, '675596603', '0', '2020-09-28', '2020-09-28 12:30:40', '4'),
(142, '934797494', '109', '2020-09-28', '2020-09-28 12:21:33', '3'),
(143, '685914259', '89', '2020-09-28', '2020-09-28 12:30:31', '3'),
(144, '652167400', '63', '2020-09-28', '2020-09-28 12:33:17', '3'),
(145, '945188800', '42', '2020-09-28', '2020-09-28 12:37:08', '3'),
(146, '962243217', '59', '2020-09-28', '2020-09-28 12:43:29', '3'),
(147, '965107010', '101', '2020-09-28', '2020-09-28 12:48:26', '3'),
(148, '649873059', '307', '2020-09-28', '2020-09-28 12:59:31', '4'),
(149, '911281552', '60', '2020-09-28', '2020-09-28 13:48:09', '2'),
(150, '680915665', '0', '2020-09-28', '2020-09-28 14:16:44', '4'),
(151, '968790909', '16', '2020-09-28', '2020-09-28 15:24:06', '2'),
(152, '629202828', '52', '2020-09-29', '2020-09-29 10:04:00', '4'),
(153, '636399782', '0', '2020-09-29', '2020-09-29 09:55:03', '3'),
(154, '617840642', '0', '2020-09-29', '2020-09-29 09:55:24', '3'),
(155, '636399782', '0', '2020-09-29', '2020-09-29 09:55:52', '3'),
(156, '900897956', '13', '2020-09-29', '2020-09-29 09:56:30', '3'),
(157, '644755961', '19', '2020-09-29', '2020-09-29 09:57:38', '3'),
(158, '644755961', '143', '2020-09-29', '2020-09-29 09:58:27', '3'),
(159, '669849558', '40', '2020-09-29', '2020-09-29 10:10:11', '3'),
(160, '954083188', '50', '2020-09-29', '2020-09-29 10:12:07', '3'),
(161, '976482625', '2', '2020-09-29', '2020-09-29 09:47:09', '2'),
(162, '976150612', '7', '2020-09-29', '2020-09-29 09:48:53', '2'),
(163, '978841027', '37', '2020-09-29', '2020-09-29 09:55:04', '2'),
(164, '934741064', '127', '2020-09-29', '2020-09-29 09:56:31', '2'),
(165, '900122795', '33', '2020-09-29', '2020-09-29 10:01:14', '2'),
(166, '916432915', '70', '2020-09-29', '2020-09-29 10:02:31', '2'),
(167, '968790909', '89', '2020-09-29', '2020-09-29 10:04:55', '2'),
(168, '937724838', '53', '2020-09-29', '2020-09-29 10:10:05', '2'),
(169, '937540314', '66', '2020-09-29', '2020-09-29 10:12:16', '2'),
(170, '649066544', '233', '2020-09-29', '2020-09-29 10:14:08', '3'),
(171, '93897088', '0', '2020-09-29', '2020-09-29 10:23:15', '2'),
(172, '687955226', '79', '2020-09-29', '2020-09-29 10:22:37', '3'),
(173, '938970888', '128', '2020-09-29', '2020-09-29 10:23:31', '2'),
(174, '972287077', '82', '2020-09-29', '2020-09-29 10:28:53', '2'),
(175, '968752785', '0', '2020-09-29', '2020-09-29 10:31:58', '2'),
(176, '966632474', '92', '2020-09-29', '2020-09-29 10:30:44', '3'),
(177, '961194819', '35', '2020-09-29', '2020-09-29 10:34:27', '3'),
(178, '968752785', '95', '2020-09-29', '2020-09-29 10:33:51', '2'),
(179, '661591842', '138', '2020-09-29', '2020-09-29 10:37:04', '3'),
(180, '916422339', '295', '2020-09-29', '2020-09-29 10:36:41', '2'),
(181, '605337704', '0', '2020-09-29', '2020-09-29 10:42:40', '3'),
(182, '968790981', '96', '2020-09-29', '2020-09-29 10:43:22', '2'),
(183, '986764001', '0', '2020-09-29', '2020-09-29 10:46:55', '2'),
(184, '965271534', '125', '2020-09-29', '2020-09-29 10:47:43', '2'),
(185, '665437386', '0', '2020-09-29', '2020-09-29 10:49:33', '4'),
(186, '986764001', '0', '2020-09-29', '2020-09-29 10:51:08', '2'),
(187, '986764086', '57', '2020-09-29', '2020-09-29 10:51:28', '2'),
(188, '912796446', '147', '2020-09-29', '2020-09-29 10:57:38', '2'),
(189, '961194819', '108', '2020-09-29', '2020-09-29 11:08:24', '3'),
(190, '900897956', '93', '2020-09-29', '2020-09-29 11:11:26', '3'),
(191, '665437386', '200', '2020-09-29', '2020-09-29 11:10:38', '4'),
(192, '697804125', '311', '2020-09-29', '2020-09-29 11:09:26', '2'),
(193, '987037217', '416', '2020-09-29', '2020-09-29 11:16:09', '2'),
(194, '934106061', '10', '2020-09-29', '2020-09-29 11:23:15', '3'),
(195, '966632474', '78', '2020-09-29', '2020-09-29 11:26:05', '3'),
(196, '605337704', '29', '2020-09-29', '2020-09-29 11:30:32', '3'),
(197, '974299210', '97', '2020-09-29', '2020-09-29 11:31:23', '2'),
(198, '663788553', '64', '2020-09-29', '2020-09-29 11:32:45', '3'),
(199, '629982122', '0', '2020-09-29', '2020-09-29 11:38:10', '3'),
(200, '623025489', '119', '2020-09-29', '2020-09-29 11:41:59', '3'),
(201, '629982122', '80', '2020-09-29', '2020-09-29 11:44:37', '3'),
(202, '902342222', '129', '2020-09-29', '2020-09-29 11:33:55', '2'),
(203, '932988000', '347', '2020-09-29', '2020-09-29 11:37:37', '2'),
(204, '636399782', '0', '2020-09-29', '2020-09-29 12:08:09', '3'),
(205, '935606705', '128', '2020-09-29', '2020-09-29 12:07:20', '4'),
(206, '913516313', '0', '2020-09-29', '2020-09-29 12:10:56', '3'),
(207, '622808730', '429', '2020-09-29', '2020-09-29 12:18:17', '3'),
(208, '911982460', '87', '2020-09-29', '2020-09-29 12:34:09', '3'),
(209, '915242400', '58', '2020-09-29', '2020-09-29 12:36:08', '3'),
(210, '932196620', '0', '2020-09-29', '2020-09-29 12:40:46', '3'),
(211, '913516313', '0', '2020-09-29', '2020-09-29 12:47:21', '3'),
(212, '96229036', '0', '2020-09-29', '2020-09-29 12:18:17', '2'),
(213, '962290360', '203', '2020-09-29', '2020-09-29 12:18:32', '2'),
(214, '961263660', '105', '2020-09-29', '2020-09-29 12:28:42', '2'),
(215, '968373659', '251', '2020-09-29', '2020-09-29 12:37:43', '2'),
(216, '680915665', '3', '2020-09-29', '2020-09-29 12:50:58', '4'),
(217, '902118119', '45', '2020-09-29', '2020-09-29 12:52:08', '2'),
(218, '935606705', '110', '2020-09-29', '2020-09-29 12:51:21', '4'),
(219, '931184842', '111', '2020-09-29', '2020-09-29 12:56:09', '2'),
(220, '654856046', '167', '2020-09-29', '2020-09-29 12:59:34', '3'),
(221, '972287077', '134', '2020-09-29', '2020-09-29 13:02:02', '2'),
(222, '933182650', '62', '2020-09-29', '2020-09-29 13:08:18', '3'),
(223, '198', '0', '2020-09-29', '2020-09-29 16:39:49', '1'),
(224, '938602222', '205', '2020-09-29', '2020-09-29 13:13:15', '3'),
(225, '680915665', '1', '2020-09-29', '2020-09-29 13:17:11', '4'),
(226, '938602222', '169', '2020-09-29', '2020-09-29 13:17:21', '3'),
(227, '911281552', '0', '2020-09-29', '2020-09-29 13:19:59', '2'),
(228, '930243789', '58', '2020-09-29', '2020-09-29 13:42:52', '3'),
(229, '665437386', '590', '2020-09-29', '2020-09-29 13:35:16', '4'),
(230, '961490317', '44', '2020-09-29', '2020-09-29 16:19:44', '2'),
(231, '6253355709', '0', '2020-09-29', '2020-09-29 16:22:49', '2'),
(232, '976150612', '0', '2020-09-29', '2020-09-29 16:23:22', '2'),
(233, '961490317', '21', '2020-09-29', '2020-09-29 16:33:05', '2'),
(234, '911281552', '19', '2020-09-30', '2020-09-30 09:22:52', '2'),
(235, '911281552', '53', '2020-09-30', '2020-09-30 09:57:51', '2'),
(236, '914890874', '47', '2020-09-30', '2020-09-30 10:09:43', '2'),
(237, '914890874', '62', '2020-09-30', '2020-09-30 10:11:36', '2'),
(238, '968079270', '35', '2020-09-30', '2020-09-30 10:13:06', '2'),
(239, '968079270', '53', '2020-09-30', '2020-09-30 10:13:51', '2'),
(240, '968079270507', '38', '2020-09-30', '2020-09-30 10:15:07', '2'),
(241, '663612691', '147', '2020-09-30', '2020-09-30 10:16:20', '2'),
(242, '914112894', '0', '2020-09-30', '2020-09-30 10:20:14', '2'),
(243, '985087371', '0', '2020-09-30', '2020-09-30 10:22:55', '2'),
(244, '985087371', '0', '2020-09-30', '2020-09-30 10:23:12', '2'),
(245, '684659462', '78', '2020-09-30', '2020-09-30 10:23:28', '2'),
(246, '931065531', '1', '2020-09-30', '2020-09-30 10:26:41', '2'),
(247, '626872667', '51', '2020-09-30', '2020-09-30 10:27:22', '2'),
(248, '689631928', '2', '2020-09-30', '2020-09-30 10:28:54', '2'),
(249, '931065531', '0', '2020-09-30', '2020-09-30 10:30:27', '2'),
(250, '665224269', '0', '2020-09-30', '2020-09-30 10:32:50', '2'),
(251, '679049663', '97', '2020-09-30', '2020-09-30 10:35:39', '2'),
(252, '902627597', '109', '2020-09-30', '2020-09-30 10:38:42', '2'),
(253, '914481940', '137', '2020-09-30', '2020-09-30 10:43:09', '2'),
(254, '964237234', '32', '2020-09-30', '2020-09-30 10:46:53', '2'),
(255, '912966666', '294', '2020-09-30', '2020-09-30 10:49:07', '2'),
(256, '674255183', '0', '2020-09-30', '2020-09-30 10:59:26', '2'),
(257, '911281552', '0', '2020-09-30', '2020-09-30 11:01:18', '2'),
(258, '648922265', '2', '2020-09-30', '2020-09-30 11:01:57', '2'),
(259, '961422946', '108', '2020-09-30', '2020-09-30 11:02:33', '2'),
(260, '911281552', '0', '2020-09-30', '2020-09-30 11:06:44', '2'),
(261, '976150612', '0', '2020-09-30', '2020-09-30 11:08:30', '2'),
(262, '978841027', '147', '2020-09-30', '2020-09-30 11:10:45', '2'),
(263, '980051018', '35', '2020-09-30', '2020-09-30 11:16:32', '2'),
(264, '900122795', '6', '2020-09-30', '2020-09-30 11:23:14', '2'),
(265, '900122795', '122', '2020-09-30', '2020-09-30 11:24:23', '2'),
(266, '968790909', '77', '2020-09-30', '2020-09-30 11:29:07', '2'),
(267, '937724838', '78', '2020-09-30', '2020-09-30 11:34:52', '2'),
(268, '968752785', '158', '2020-09-30', '2020-09-30 11:39:51', '2'),
(269, '968790981', '153', '2020-09-30', '2020-09-30 11:45:29', '2'),
(270, '965271534', '139', '2020-09-30', '2020-09-30 11:50:32', '2'),
(271, '911281552', '63', '2020-09-30', '2020-09-30 11:58:12', '2'),
(272, '986764086', '0', '2020-09-30', '2020-09-30 12:03:42', '2'),
(273, '986764086', '0', '2020-09-30', '2020-09-30 12:04:04', '2'),
(274, '961490317', '79', '2020-09-30', '2020-09-30 12:05:59', '2'),
(275, '664441961', '124', '2020-09-30', '2020-09-30 12:08:01', '2'),
(276, '902118119', '41', '2020-09-30', '2020-09-30 12:14:29', '2'),
(277, '902118119', '94', '2020-09-30', '2020-09-30 12:19:23', '2'),
(278, '931184842', '113', '2020-09-30', '2020-09-30 12:24:21', '2'),
(279, '918083840', '92', '2020-09-30', '2020-09-30 12:28:04', '2'),
(280, '968633013', '128', '2020-09-30', '2020-09-30 12:32:22', '2'),
(281, '902883070', '75', '2020-09-30', '2020-09-30 12:39:17', '2'),
(282, '868818134', '0', '2020-09-30', '2020-09-30 12:42:10', '2'),
(283, '868818134', '0', '2020-09-30', '2020-09-30 12:43:56', '2'),
(284, '968824970', '102', '2020-09-30', '2020-09-30 12:47:52', '2'),
(285, '938760896', '31', '2020-09-30', '2020-09-30 12:52:46', '2'),
(286, '918956705', '110', '2020-09-30', '2020-09-30 12:55:32', '2'),
(287, '937273395', '56', '2020-09-30', '2020-09-30 13:02:08', '2'),
(288, '868818134', '0', '2020-09-30', '2020-09-30 13:05:58', '2'),
(289, '661679245', '0', '2020-09-30', '2020-09-30 13:09:12', '2'),
(290, '957176298', '186', '2020-09-30', '2020-09-30 13:10:08', '2'),
(291, '961503203', '86', '2020-09-30', '2020-09-30 13:16:24', '2'),
(292, '986850656', '81', '2020-09-30', '2020-09-30 13:19:17', '2'),
(293, '976482625', '2', '2020-09-30', '2020-09-30 13:24:47', '2'),
(294, '936359074', '36', '2020-09-30', '2020-09-30 13:26:35', '2'),
(295, '976240419', '42', '2020-09-30', '2020-09-30 13:29:11', '2'),
(296, '968791645', '11', '2020-09-30', '2020-09-30 13:39:13', '2'),
(297, '915722626', '86', '2020-10-01', '2020-10-01 09:41:56', '2'),
(298, '938770144', '154', '2020-10-01', '2020-10-01 09:46:11', '2'),
(299, '968751185', '44', '2020-10-01', '2020-10-01 09:52:26', '2'),
(300, '607452142', '0', '2020-10-01', '2020-10-01 09:53:37', '2'),
(301, '607452142', '0', '2020-10-01', '2020-10-01 09:53:49', '2'),
(302, '976150612', '32', '2020-10-01', '2020-10-01 09:56:09', '2'),
(303, '937724838', '106', '2020-10-01', '2020-10-01 09:58:58', '2'),
(304, '936359074', '170', '2020-10-01', '2020-10-01 10:04:34', '2'),
(305, '937273395', '164', '2020-10-01', '2020-10-01 10:10:48', '2'),
(306, '938760896', '273', '2020-10-01', '2020-10-01 10:21:25', '2'),
(307, '676623775', '2', '2020-10-01', '2020-10-01 10:27:24', '2'),
(308, '965038972', '131', '2020-10-01', '2020-10-01 10:32:51', '2'),
(309, '911960127', '331', '2020-10-01', '2020-10-01 10:36:09', '2'),
(310, '965038972', '301', '2020-10-01', '2020-10-01 10:51:00', '2'),
(311, '600409709', '3', '2020-09-30', '2020-09-30 09:18:36', '3'),
(312, '961194819', '471', '2020-09-30', '2020-09-30 10:41:23', '3'),
(313, '687955226', '0', '2020-09-30', '2020-09-30 11:52:54', '3'),
(314, '965448859', '116', '2020-09-30', '2020-09-30 12:06:52', '3'),
(315, '914453618', '147', '2020-09-30', '2020-09-30 12:14:19', '3'),
(316, '933688272', '108', '2020-09-30', '2020-09-30 12:27:24', '3'),
(317, '629412022', '163', '2020-09-30', '2020-09-30 12:38:03', '3'),
(318, '910279687', '118', '2020-09-30', '2020-09-30 12:49:44', '3'),
(319, '932082312', '99', '2020-09-30', '2020-09-30 12:53:42', '3'),
(320, '954312100', '170', '2020-09-30', '2020-09-30 12:59:58', '3'),
(321, '933208331', '272', '2020-09-30', '2020-09-30 13:24:40', '3'),
(322, '977279219', '241', '2020-09-30', '2020-09-30 13:32:42', '3'),
(323, '981168437', '0', '2020-09-30', '2020-09-30 13:41:32', '3'),
(324, '981168437', '0', '2020-09-30', '2020-09-30 13:41:47', '3'),
(325, '981248298', '51', '2020-09-30', '2020-09-30 13:42:09', '3'),
(326, '670086266', '182', '2020-09-30', '2020-09-30 13:48:20', '3'),
(327, '961194819', '18', '2020-09-30', '2020-09-30 16:04:54', '3'),
(328, '650948113', '3', '2020-09-30', '2020-09-30 16:19:47', '3'),
(329, '961194819', '15', '2020-09-30', '2020-09-30 16:21:21', '3'),
(330, '949263606', '0', '2020-09-30', '2020-09-30 16:23:11', '3'),
(331, '949263606', '0', '2020-09-30', '2020-09-30 16:23:47', '3'),
(332, '650948113', '58', '2020-09-30', '2020-09-30 16:30:00', '3'),
(333, '961194819', '217', '2020-10-01', '2020-10-01 10:21:44', '3'),
(334, '960070134', '140', '2020-10-01', '2020-10-01 10:28:40', '3'),
(335, '960070134', '32', '2020-10-01', '2020-10-01 10:31:23', '3'),
(336, '958199777', '30', '2020-10-01', '2020-10-01 10:34:25', '3'),
(337, '958199777', '30', '2020-10-01', '2020-10-01 10:35:05', '3'),
(338, '965129530', '69', '2020-10-01', '2020-10-01 10:49:58', '3'),
(339, '622268146', '257', '2020-10-01', '2020-10-01 10:51:30', '3'),
(340, '938016952', '1', '2020-10-01', '2020-10-01 11:01:48', '3'),
(341, '932118482', '60', '2020-10-01', '2020-10-01 11:05:00', '3'),
(342, '981168336', '40', '2020-10-01', '2020-10-01 11:07:16', '3'),
(343, '981168336', '0', '2020-10-01', '2020-10-01 11:08:08', '3'),
(344, '960070134', '0', '2020-10-01', '2020-10-01 11:08:21', '3'),
(345, '981248298', '90', '2020-10-01', '2020-10-01 11:08:34', '3'),
(346, '600607575', '97', '2020-10-01', '2020-10-01 11:33:55', '3'),
(347, '649066544', '113', '2020-10-01', '2020-10-01 11:44:26', '3'),
(348, '965683768', '36', '2020-10-01', '2020-10-01 11:50:58', '3'),
(349, '915695859', '0', '2020-10-01', '2020-10-01 11:55:46', '3'),
(350, '933091299', '169', '2020-10-01', '2020-10-01 12:13:19', '3'),
(351, '934800130', '25', '2020-10-01', '2020-10-01 12:20:32', '3'),
(352, '666642501', '144', '2020-10-01', '2020-10-01 12:28:28', '3'),
(353, '935088234', '110', '2020-10-01', '2020-10-01 12:36:38', '3'),
(354, '986128437', '154', '2020-10-01', '2020-10-01 12:41:10', '3'),
(355, '651822694', '0', '2020-10-01', '2020-10-01 12:48:51', '3'),
(356, '651822694', '0', '2020-10-01', '2020-10-01 12:51:48', '3'),
(357, '651822694', '0', '2020-10-01', '2020-10-01 12:52:07', '3'),
(358, '662427981', '0', '2020-10-01', '2020-10-01 12:55:22', '3'),
(359, '932196620', '0', '2020-10-01', '2020-10-01 13:06:22', '3'),
(360, '976249608', '109', '2020-10-01', '2020-10-01 13:08:46', '3'),
(361, '910279687', '138', '2020-10-01', '2020-10-01 13:13:23', '3'),
(362, '976959645', '110', '2020-10-01', '2020-10-01 13:58:55', '3'),
(363, '765785333', '30', '2020-10-01', '2020-10-01 20:47:02', '5');

-- --------------------------------------------------------

--
-- Table structure for table `group`
--

CREATE TABLE `group` (
  `id` int(11) NOT NULL,
  `name` text NOT NULL,
  `user` text NOT NULL,
  `df` text NOT NULL,
  `created_at` datetime NOT NULL
) ENGINE=MyISAM DEFAULT CHARSET=latin1;

--
-- Dumping data for table `group`
--

INSERT INTO `group` (`id`, `name`, `user`, `df`, `created_at`) VALUES
(1, '11735410', '1', '', '2020-09-22 14:11:45'),
(2, '25186283', '5', '', '2020-10-01 20:22:52');

-- --------------------------------------------------------

--
-- Table structure for table `otp`
--

CREATE TABLE `otp` (
  `id` bigint(20) NOT NULL,
  `otp` text NOT NULL,
  `for` text NOT NULL,
  `user` text NOT NULL,
  `expired` varchar(50) NOT NULL,
  `created_at` datetime NOT NULL
) ENGINE=MyISAM DEFAULT CHARSET=latin1;

--
-- Dumping data for table `otp`
--

INSERT INTO `otp` (`id`, `otp`, `for`, `user`, `expired`, `created_at`) VALUES
(1, 'PR0BA3WT', 'register', '1', '', '2020-09-22 14:11:45'),
(2, 'TMWQIWLE', 'join', '2', 'yes', '2020-09-22 14:19:29'),
(3, 'RVYKBKTA', 'login', '1', '', '2020-09-25 14:54:44'),
(4, 'GR3IP4VR', 'join', '3', 'yes', '2020-09-25 15:08:10'),
(5, 'TCLXK2ID', 'join', '2', 'yes', '2020-09-25 15:13:32'),
(6, 'FL7KQXCD', 'join', '4', 'yes', '2020-09-25 15:15:07'),
(7, 'NODESVYI', 'login', '1', '', '2020-09-29 09:15:02'),
(8, 'GV9EAOWH', 'login', '1', '', '2020-09-29 12:56:40'),
(9, 'Y3HUAASL', 'login', '1', '', '2020-09-29 17:15:25'),
(10, '8YVSDFTT', 'login', '2', '', '2020-09-29 17:20:57'),
(11, 'GHYC0QUR', 'login', '1', '', '2020-09-29 18:00:18'),
(12, 'SWFNVDUH', 'login', '1', '', '2020-09-30 06:47:56'),
(13, 'QRDJZ1HC', 'login', '2', '', '2020-09-30 07:03:08'),
(14, '9BCX7U5E', 'login', '1', '', '2020-09-30 07:03:58'),
(15, 'PBF230XY', 'login', '1', '', '2020-09-30 08:13:22'),
(16, 'TVGLQAEO', 'login', '2', '', '2020-09-30 09:04:19'),
(17, 'JQOKTSVL', 'login', '1', '', '2020-10-01 06:22:33'),
(18, 'JZ7JDT1G', 'login', '1', '', '2020-10-01 06:23:40'),
(19, 'RG5DDEHK', 'login', '1', '', '2020-10-01 11:08:10'),
(20, '7HX2TC3H', 'login', '3', '', '2020-10-01 11:17:28'),
(21, 'QWVTQCBS', 'login', '3', '', '2020-10-01 11:38:21'),
(22, '3JBCFDVP', 'register', '5', '', '2020-10-01 20:22:52');

-- --------------------------------------------------------

--
-- Table structure for table `users`
--

CREATE TABLE `users` (
  `id` int(11) NOT NULL,
  `name` text NOT NULL,
  `company` text NOT NULL,
  `email` text NOT NULL,
  `phone` text NOT NULL,
  `code` text NOT NULL,
  `type` text NOT NULL COMMENT 'company,individual',
  `group` text NOT NULL,
  `admin` text NOT NULL,
  `status` int(11) NOT NULL DEFAULT '0',
  `goal_calls` int(11) NOT NULL,
  `goal_conversation` int(11) NOT NULL,
  `goal_minutes` int(11) NOT NULL,
  `goal_avg_call` int(11) NOT NULL,
  `created_at` datetime NOT NULL,
  `last_fetched` datetime DEFAULT NULL,
  `df` tinyint(4) NOT NULL DEFAULT '0'
) ENGINE=MyISAM DEFAULT CHARSET=latin1;

--
-- Dumping data for table `users`
--

INSERT INTO `users` (`id`, `name`, `company`, `email`, `phone`, `code`, `type`, `group`, `admin`, `status`, `goal_calls`, `goal_conversation`, `goal_minutes`, `goal_avg_call`, `created_at`, `last_fetched`, `df`) VALUES
(1, 'Nitai Anidjar', 'Shoptexto', 'info@shoptexto.com', '675596603', '34', 'company', '', '', 0, 500, 400, 1600, 240, '2020-09-22 14:11:45', '2020-09-29 16:39:55', 0),
(2, 'Jean Buryanenko', '', 'jean.b@shoptexto.com', '652314236', '34', 'individual', '1', '1', 1, 680, 544, 2176, 240, '2020-09-22 14:19:29', '2020-10-01 10:56:15', 0),
(3, 'Jaime Gallisa', '', 'jaime.gallisa@shoptexto.com', '644687920', '34', 'individual', '1', '1', 1, 500, 400, 1600, 240, '2020-09-25 15:08:10', '2020-10-01 14:00:56', 0),
(4, 'Aleix Perramon', '', 'aleix.p@shoptexto.com', '633965973', '34', 'individual', '1', '1', 1, 0, 0, 0, 480, '2020-09-25 15:15:07', '2020-09-29 13:45:35', 0),
(5, 'Chathuranga', '', 'wchathuranga@hotmail.com', '761410328', '94', 'individual', '', '', 1, 0, 0, 0, 0, '2020-10-01 20:22:52', '2020-10-01 23:54:29', 0);

--
-- Indexes for dumped tables
--

--
-- Indexes for table `calls`
--
ALTER TABLE `calls`
  ADD PRIMARY KEY (`id`);

--
-- Indexes for table `group`
--
ALTER TABLE `group`
  ADD PRIMARY KEY (`id`);

--
-- Indexes for table `otp`
--
ALTER TABLE `otp`
  ADD PRIMARY KEY (`id`);

--
-- Indexes for table `users`
--
ALTER TABLE `users`
  ADD PRIMARY KEY (`id`);

--
-- AUTO_INCREMENT for dumped tables
--

--
-- AUTO_INCREMENT for table `calls`
--
ALTER TABLE `calls`
  MODIFY `id` bigint(20) NOT NULL AUTO_INCREMENT, AUTO_INCREMENT=364;

--
-- AUTO_INCREMENT for table `group`
--
ALTER TABLE `group`
  MODIFY `id` int(11) NOT NULL AUTO_INCREMENT, AUTO_INCREMENT=3;

--
-- AUTO_INCREMENT for table `otp`
--
ALTER TABLE `otp`
  MODIFY `id` bigint(20) NOT NULL AUTO_INCREMENT, AUTO_INCREMENT=23;

--
-- AUTO_INCREMENT for table `users`
--
ALTER TABLE `users`
  MODIFY `id` int(11) NOT NULL AUTO_INCREMENT, AUTO_INCREMENT=6;
COMMIT;

/*!40101 SET CHARACTER_SET_CLIENT=@OLD_CHARACTER_SET_CLIENT */;
/*!40101 SET CHARACTER_SET_RESULTS=@OLD_CHARACTER_SET_RESULTS */;
/*!40101 SET COLLATION_CONNECTION=@OLD_COLLATION_CONNECTION */;
